{"accuracy": 0.8544484427348307, "f1": 0.8562549702294708, "precision": 0.8587056101645184, "recall": 0.8544484427348307, "roc_auc": [0.9104387547348203]}